Adj Close,Close,High,Low,Open,Volume,SMA20,SMA50,RSI14,MACD,MACD_signal,FracDiff_Close
251.49000549316406,251.49000549316406,252.80999755859375,243.27000427246094,245.07000732421875,115312900,240.34349822998047,256.4837991333008,67.9138548068086,0.7351913066947589,-1.9201768119715936,7.302405403467759
248.5,248.5,256.5199890136719,246.6699981689453,251.22000122070312,118367700,240.50149841308593,256.3289993286133,68.47643854658664,0.7303755501055775,-1.3900663395561594,4.539621026952204
273.5799865722656,273.5799865722656,274.8500061035156,260.6099853515625,264.2699890136719,174667900,242.047998046875,256.6505990600586,71.44595567677597,2.7189618428718916,-0.5682607030705491,31.080685407214673
267.4800109863281,267.4800109863281,278.3900146484375,266.6000061035156,270.760009765625,135999900,243.43399887084962,256.7647994995117,66.67640779892166,3.7593779874103745,0.2972670350256359,12.741362054460154
271.29998779296875,271.29998779296875,274.9800109863281,268.1000061035156,270.07000732421875,111673700,245.3509979248047,256.5943991088867,66.72494928182411,4.836404421553908,1.2050945123312908,16.58418447874243
276.0400085449219,276.0400085449219,276.7099914550781,270.4200134277344,271.32000732421875,107709800,247.872998046875,256.4655990600586,72.79938928498879,6.003234144511026,2.1647224387672384,18.649628538876783
274.3900146484375,274.3900146484375,278.9800109863281,271.0,277.54998779296875,133422800,250.63149871826172,256.4225991821289,69.04663173064496,6.717380606430112,3.0752540722998134,13.564015425009927
265.2799987792969,265.2799987792969,271.44000244140625,263.760009765625,271.1600036621094,101543300,253.12099838256836,256.2395993041992,62.862148028460936,6.473620806618328,3.754927419163517,3.9954795187667287
266.5,266.5,267.8500061035156,261.20001220703125,264.3500061035156,103704000,254.88199844360352,256.17739959716795,55.436312311957366,6.30618948469521,4.265179832269856,9.170938999722665
262.5899963378906,262.5899963378906,273.92999267578125,262.4599914550781,267.0400085449219,122514600,256.35199813842775,256.03339935302733,53.184110766410086,5.791236567297233,4.570391179275332,5.306975894603056
255.6999969482422,255.6999969482422,260.8599853515625,254.2100067138672,257.8500061035156,119531000,257.29399795532225,255.7075994873047,48.748163880055515,4.772156848027123,4.61074431302569,0.3956685183889874
244.8800048828125,244.8800048828125,257.7900085449219,244.47999572753906,257.3999938964844,127524100,258.03599853515624,255.04719970703124,49.92996999700611,3.0562157425472947,4.299838598930012,-6.53926581172729
246.99000549316406,246.99000549316406,247.10000610351562,238.30999755859375,243.3800048828125,104636600,258.45599899291994,254.35939971923827,44.30729286009362,1.8453079081105557,3.8089324607661204,2.0077454653830102
244.1199951171875,244.1199951171875,249.5500030517578,241.66000366210938,242.97999572753906,101993600,258.7209983825684,253.43419952392577,45.22877083453505,0.6466150971992306,3.1764689880527426,-0.07099684150577446
240.5,240.5,245.3300018310547,234.5800018310547,244.25999450683594,136597200,257.8869987487793,252.37739959716797,43.529960899904076,-0.5886750642556251,2.4234401775910692,-1.5596100780747122
246.3800048828125,246.3800048828125,247.5500030517578,238.64999389648438,240.02000427246094,117058900,257.3609992980957,251.47979949951173,48.792988113709455,-1.0807262250087035,1.7226068970711146,6.9575724435841835
250.22000122070312,250.22000122070312,254.77000427246094,246.35000610351562,250.0,128346200,256.9680000305176,251.2261996459961,32.45720181528749,-1.1475959311230213,1.1485663314322874,8.819223583666144
251.60000610351562,251.60000610351562,254.27999877929688,242.6199951171875,244.80999755859375,123810400,257.29750061035156,251.05779998779298,37.16456449315723,-1.0768228506050264,0.7034884950248245,8.12475266188298
246.52999877929688,246.52999877929688,250.02000427246094,244.4499969482422,248.61000061035156,101985300,256.7995010375977,250.60720001220704,30.375557908887373,-1.413547399132824,0.2800813161932947,1.9207640045472942
261.1600036621094,261.1600036621094,261.8599853515625,247.60000610351562,248.13999938964844,129721600,257.26150131225586,250.5248001098633,39.80822009435362,-0.49418820975927247,0.1252274110027812,18.744137550157575
260.04998779296875,260.04998779296875,263.6000061035156,256.25,260.0,119159200,257.6895004272461,250.43879974365234,40.104874090864485,0.1431909514397205,0.12882011909016905,10.789379829273088
260.5299987792969,260.5299987792969,261.6499938964844,250.64999389648438,253.97999572753906,117947000,258.29100036621094,250.53519958496094,46.27918184456462,0.6792217581096622,0.23890044689406773,10.21982095498268
259.6700134277344,259.6700134277344,261.3599853515625,252.0500030517578,255.30999755859375,101377900,257.5955017089844,250.3997998046875,44.6195185466197,1.0228456753690693,0.3956894925890681,8.483732064163746
263.6199951171875,263.6199951171875,268.94000244140625,257.6499938964844,257.75,122656000,257.40250091552736,250.32359985351562,50.81089483618247,1.595508586621321,0.6356533113955187,12.400013564574351
262.989990234375,262.989990234375,268.6000061035156,260.8999938964844,266.20001220703125,103706300,256.9870010375977,250.36199951171875,56.366804666496265,1.9757368758781126,0.9036700242920377,9.589924232719653
258.8699951171875,258.8699951171875,265.4100036621094,256.6300048828125,262.9200134277344,111508100,256.1285003662109,250.45719940185546,63.83776970013094,1.9224604336013442,1.107428106153899,5.1145775065607495
251.1199951171875,251.1199951171875,259.6000061035156,250.22000122070312,258.8999938964844,102073800,254.96499938964843,250.29319915771484,53.675020753738856,1.2405776320044595,1.1340580113240113,-0.8894152871943106
253.9199981689453,253.9199981689453,255.39999389648438,248.47999572753906,250.0500030517578,88917200,254.39699935913086,250.29439910888672,58.7312911972954,0.9155633997595771,1.0903590890111245,6.06375626393455
254.85000610351562,254.85000610351562,257.17999267578125,247.0800018310547,250.10000610351562,93562900,253.81449966430665,250.36239929199218,63.42878520900505,0.724677515718497,1.017222774352599,6.63282559524464
242.67999267578125,242.67999267578125,254.6300048828125,242.0800018310547,252.6999969482422,125147800,252.81899948120116,250.22199920654296,46.902201740911416,-0.4039626670470966,0.7329856860726598,-5.860598511909217
220.11000061035156,220.11000061035156,230.61000061035156,216.77999877929688,225.9499969482422,170772700,251.03949966430665,249.78039916992188,30.80943908944448,-3.0840765628430518,-0.030426763710482706,-22.351302600902983
211.99000549316406,211.99000549316406,218.86000061035156,210.4199981689453,217.00999450683594,137734000,249.3949996948242,249.11339935302735,26.751970665302053,-5.796483623736975,-1.1836381357157817,-17.648286859787873
212.0800018310547,212.0800018310547,216.97999572753906,202.50999450683594,210.0,150683400,247.64949951171874,248.50199951171874,28.525125255795388,-7.848352882397791,-2.516581085052184,-9.902471743478827
216.52000427246094,216.52000427246094,222.0500030517578,214.11000061035156,216.5,118231100,246.2694999694824,248.03719970703125,18.123395697074045,-9.012314609585133,-3.815727789958774,-2.5981820607995303
212.4199981689453,212.4199981689453,220.10000610351562,212.1999969482422,215.8800048828125,107065100,244.8654998779297,247.62639953613282,17.381185311852178,-10.148612009689458,-5.082304633904911,-7.204335326905806
205.75999450683594,205.75999450683594,214.8000030517578,204.8800048828125,211.32000732421875,115112600,242.83449935913086,247.2295993041992,15.418605166485392,-11.454502150797708,-6.356744137283472,-11.191833886251885
207.3000030517578,207.3000030517578,212.41000366210938,205.77000427246094,210.60000610351562,94881200,240.6884994506836,246.99119934082032,17.215472910637985,-12.224250130694458,-7.530245335965671,-5.213206883992996
197.36000061035156,197.36000061035156,210.8800048828125,194.6699981689453,209.27999877929688,136448200,237.97649917602538,246.62859924316408,11.413946840928858,-13.480956006216417,-8.72038747001582,-14.326996530555135
200.83999633789062,200.83999633789062,202.8000030517578,194.07000732421875,196.1199951171875,118068300,235.69199905395507,246.01979919433595,14.97013949808212,-14.03431900157986,-9.78317377632863,-5.065146354419483
205.66000366210938,205.66000366210938,205.99000549316406,197.85000610351562,204.0399932861328,121661700,232.91699905395507,245.46919921875,20.243836755423942,-13.923428239871924,-10.61122466903729,-0.10299241466000808
218.50999450683594,218.50999450683594,219.1999969482422,211.4499969482422,212.97000122070312,125987600,230.83999938964843,245.1021990966797,32.74786161471883,-12.652805971833402,-11.019540929596513,11.041655816365079
219.9600067138672,219.9600067138672,226.3699951171875,218.39999389648438,221.14999389648438,119281000,228.81149978637694,244.90059936523437,31.773304532297644,-11.397442184383834,-11.095121180553978,6.066767390637921
219.27000427246094,219.27000427246094,226.32000732421875,215.0,223.97999572753906,117335800,226.79149932861327,244.51419952392578,30.854503418693525,-10.33905260624482,-10.943907465692147,3.247376163232701
222.17999267578125,222.17999267578125,223.1199951171875,215.72000122070312,219.97999572753906,116900100,224.71949920654296,244.18139923095703,37.74802826760771,-9.159870213919561,-10.587100015337631,5.7558565675460045
222.11000061035156,222.11000061035156,224.14999389648438,217.63999938964844,223.14999389648438,106584800,222.6754997253418,243.47999938964844,51.635055493987046,-8.13720679251469,-10.097121370773044,3.9594968622191686
209.97999572753906,209.97999572753906,220.8000030517578,206.67999267578125,219.75,142110500,220.2309997558594,242.54159942626953,48.45787221767734,-8.21087878300574,-9.719872853219584,-8.642990013426157
214.64999389648438,214.64999389648438,215.3800048828125,205.69000244140625,210.02999877929688,130994000,218.40749969482422,241.6729995727539,51.842287815919754,-7.802492268824977,-9.336396736340664,1.8473669237119452
223.7100067138672,223.7100067138672,225.39999389648438,211.61000061035156,215.60000610351562,140447600,216.89700012207032,241.24699981689454,54.83393839119852,-6.670877968649137,-8.80329298280236,9.94993213408577
237.41000366210938,237.41000366210938,238.13999938964844,230.72000122070312,235.02999877929688,149771600,216.025,240.8654000854492,64.88031474857893,-4.615386917441896,-7.965711769730267,19.213448164688913
242.83999633789062,242.83999633789062,246.6999969482422,236.4499969482422,239.2899932861328,150354000,216.03300018310546,240.68380004882812,72.40754131574128,-2.519200644867425,-6.876409544757699,16.796751909587528
233.58999633789062,233.58999633789062,240.8800048828125,230.9600067138672,239.49000549316406,136816800,216.7069999694824,240.32579986572264,64.5328878790215,-1.5860723612850052,-5.8183421080631605,2.6782032028678486
234.3000030517578,234.3000030517578,237.38999938964844,226.5399932861328,232.0,142532800,217.8224998474121,240.04179992675782,72.74070542120984,-0.7802753373003668,-4.8107287539106025,6.235791988173332
235.60000610351562,235.60000610351562,237.10000610351562,231.02000427246094,234.0399932861328,116320100,218.99850006103514,239.2822003173828,71.98887019721751,-0.03635690882688891,-3.85585438489386,7.314674484179221
241.1999969482422,241.1999969482422,243.6199951171875,233.33999633789062,235.0399932861328,122288000,220.2324996948242,238.75660003662108,72.2625888367667,0.9936224048991846,-2.885959026935251,12.071933952744502
234.2100067138672,234.2100067138672,244.00999450683594,231.39999389648438,242.0399932861328,117950600,221.3220001220703,238.01480041503908,60.61385480051545,1.231656863852379,-2.0624358487777252,1.94366534981026
235.4499969482422,235.4499969482422,238.75,232.3300018310547,233.75,65125200,222.80650024414064,237.20300018310547,60.50169264006747,1.5030317223117038,-1.3493423345598392,5.74802387054342
236.0800018310547,236.0800018310547,238.3300018310547,232.10000610351562,236.88999938964844,112031800,224.24550018310546,236.4367999267578,61.40589222640084,1.7487755852912414,-0.729718750589623,6.106142017328324
246.72000122070312,246.72000122070312,247.0,234.00999450683594,236.67999267578125,148549900,226.71350021362304,236.06559997558594,65.07001577978764,2.7701557644604122,-0.02974384757961578,16.354363864554244
244.13999938964844,244.13999938964844,252.75,242.75999450683594,249.2100067138672,135401300,228.87850036621094,235.61839996337892,63.12403234943557,3.3330015620220763,0.6428052343407229,8.303645531301811
240.0800018310547,240.0800018310547,245.22000122070312,236.91000366210938,245.13999938964844,132353200,230.5995002746582,235.1682000732422,69.83918528590624,3.412120241340432,1.196668235740665,4.096855859278463
238.8300018310547,238.8300018310547,240.19000244140625,231.89999389648438,233.13999938964844,121173500,231.61550064086913,234.83080017089844,66.68968264282947,3.3355081497369667,1.6244362185399257,4.448480480995585
235.5800018310547,235.5800018310547,239.3699951171875,233.2899932861328,235.75,104099800,232.39650039672853,234.64480010986327,58.90739883233463,2.9782136830991135,1.8951917114517634,2.00449996873283
238.72000122070312,238.72000122070312,246.66000366210938,233.6999969482422,233.8699951171875,137971100,233.36900024414064,234.47940002441408,51.16818093496929,2.9148266456413694,2.099118698289685,6.927541603826143
239.3699951171875,239.3699951171875,246.57000732421875,239.1699981689453,242.9199981689453,126436200,234.22850036621094,234.38440002441405,46.61727168331678,2.8837984040975755,2.2560546394512633,6.449145655962553
242.63999938964844,242.63999938964844,244.0800018310547,236.97999572753906,241.5500030517578,107142300,235.25500030517577,234.42720001220704,59.986765159028565,3.087479770445043,2.4223396656500196,9.19897669196456
243.83999633789062,243.83999633789062,245.27000427246094,239.27000427246094,240.27000427246094,102980100,236.94800033569337,234.3763998413086,60.414846077705924,3.3076004861560477,2.5993918297512253,8.591522298294478
239.74000549316406,239.74000549316406,243.44000244140625,237.4499969482422,242.74000549316406,97913900,238.20250091552734,234.16679992675782,54.25926210822007,3.1153014867929585,2.7025737611595724,3.380117756256766
237.00999450683594,237.00999450683594,238.99000549316406,233.8699951171875,238.5500030517578,95328300,238.86750030517578,233.87499969482423,45.418757674443434,2.711359212179815,2.704330851363621,2.2708101783128143
239.2899932861328,239.2899932861328,240.3000030517578,228.1999969482422,234.19000244140625,146286300,238.96149978637695,233.73019958496093,56.1920867050604,2.5458617861199286,2.6726370383148828,6.165382843010548
251.0500030517578,251.0500030517578,253.8800048828125,240.7899932861328,241.22000122070312,160829200,239.37200012207032,233.5279995727539,65.13388001276599,3.3253063277909973,2.803170896210106,17.19572117665942
253.5,253.5,254.1300048828125,248.3000030517578,251.2100067138672,135720800,240.36750030517578,233.39699981689452,66.32308655330668,4.093528373942462,3.0612423917565774,13.667351955141697
252.0800018310547,252.0800018310547,258.739990234375,251.36000061035156,253.77999877929688,116416500,241.25650024414062,233.22799987792968,56.071591169537456,4.5354856402257155,3.3560910414504055,9.51205321273477
257.2200012207031,257.2200012207031,258.3399963378906,253.00999450683594,253.47999572753906,106737400,242.3375,233.17899963378906,64.00428553084416,5.240090450986827,3.73289092335769,14.293048740858609
247.13999938964844,247.13999938964844,259.8399963378906,247.0,256.4100036621094,125097000,242.6345001220703,232.84939971923828,56.69574866760558,4.928312416473489,3.9719752219808497,1.1843644548517602
254.5,254.5,254.8000030517578,248.5500030517578,251.89999389648438,109594200,243.64899978637695,232.67959991455078,63.31803304540572,5.215001327962881,4.220580443177257,12.59158896037357
252.5399932861328,252.5399932861328,258.2200012207031,251.3699951171875,256.760009765625,93249800,244.50349960327148,232.5529998779297,64.73756424787229,5.223831121009766,4.421230578743759,7.61714253707089
256.6099853515625,256.6099853515625,257.9700012207031,252.91000366210938,254.49000549316406,86892400,245.52999877929688,232.6627996826172,65.29842975659531,5.49588994276445,4.636162451547897,11.95596184930099
261.44000244140625,261.44000244140625,263.3399963378906,257.5199890136719,258.3500061035156,106494400,246.26599884033203,232.8131997680664,67.6137260365256,6.0317107254627444,4.9152721063308675,14.606359782703919
253.17999267578125,253.17999267578125,265.1300048828125,252.7100067138672,263.6600036621094,113619900,246.71799850463867,232.7797994995117,57.79123937451625,5.723857730883481,5.076989231241391,3.2726717235020146
248.47999572753906,248.47999572753906,255.19000244140625,247.42999267578125,255.10000610351562,100615300,247.13799819946288,232.89579956054686,53.261173347621195,5.042504685346131,5.070092322062339,1.7097758862365993
248.4199981689453,248.4199981689453,251.25,244.41000366210938,250.0800018310547,104654200,247.61749801635742,233.46199951171874,56.467949283542254,4.446430503281221,4.945359958306116,4.4518353143839136
238.4499969482422,238.4499969482422,245.67999267578125,236.32000732421875,244.97999572753906,121082600,247.7609977722168,233.99119934082032,50.96852429459428,3.133421511085629,4.582972268862019,-4.790986816721215
237.92999267578125,237.92999267578125,242.6999969482422,237.72999572753906,239.25,102629300,247.72149734497071,234.50819915771484,49.06310278023926,2.0275204326609924,4.071881901621813,-0.01331012093390882
237.49000549316406,237.49000549316406,240.1199951171875,234.89999389648438,236.86000061035156,92379400,247.62749786376952,234.92759918212892,38.93242295383806,1.1028693802088583,3.478079397339222,1.2149836415159143
240.4499969482422,240.4499969482422,241.25,235.3000030517578,236.13999938964844,85166600,247.51799774169922,235.48819915771483,39.436617978691054,0.6019840349011929,2.9028603248516163,5.1734021122892955
234.9600067138672,234.9600067138672,238.9600067138672,232.0399932861328,238.11000061035156,96705700,247.07399826049806,236.07219940185547,36.99878791811611,-0.23525565929168124,2.275237128022957,-1.2683079710966751
233.94000244140625,233.94000244140625,235.5,231.2899932861328,235.10000610351562,91628500,246.78399810791015,236.60499938964844,31.14063648828322,-0.9698995706728226,1.626209788283801,0.43534298067731925
227.22000122070312,227.22000122070312,230.92999267578125,225.3699951171875,230.57000732421875,105873600,246.29449844360352,237.20219940185547,32.933517854168755,-2.070490771603943,0.8868696763062521,-5.023758806249958
218.88999938964844,218.88999938964844,225.33999633789062,217.14999389648438,220.0800018310547,122889000,245.2744987487793,237.56319946289062,19.989887484115613,-3.5736835591799547,-0.005240970790989509,-9.451050323908532
219.91000366210938,219.91000366210938,223.49000549316406,212.17999267578125,215.10000610351562,115355000,243.71749877929688,237.84819946289062,22.05858026622262,-4.62930510538439,-0.9300537977096699,-3.082754191314649
215.5500030517578,215.5500030517578,215.6699981689453,212.00999450683594,214.86000061035156,103164400,241.81999893188475,237.78899963378908,15.013653077903811,-5.751409726109529,-1.894324983389642,-6.245777213791428
211.8800048828125,211.8800048828125,217.4499969482422,208.74000549316406,216.8800048828125,108595400,239.80999908447265,237.62739959716797,6.919326299928642,-6.857771778888605,-2.8870143424894352,-6.892629554501866
212.19000244140625,212.19000244140625,213.19000244140625,207.55999755859375,209.99000549316406,102095800,237.55849914550782,237.48579956054687,8.654418586611285,-7.62169925968081,-3.833951325927711,-3.608347820895233
208.8000030517578,208.8000030517578,217.8000030517578,206.27000427246094,212.25999450683594,117952500,235.6414993286133,237.2181997680664,8.889339268222813,-8.403788271331166,-4.747918715008402,-5.974822181451117
209.13999938964844,209.13999938964844,215.64999389648438,207.75,211.3000030517578,106605900,233.3734992980957,236.95879974365235,9.538507869565265,-8.893644190583586,-5.577063810123439,-3.226443201417794
207.8300018310547,207.8300018310547,212.72999572753906,206.77000427246094,211.8800048828125,123369900,231.13799972534179,236.91579986572265,11.609810933227834,-9.280583599907516,-6.317767768080255,-3.75254048135929
182.6300048828125,182.6300048828125,193.0,180.05999755859375,189.6999969482422,198076800,227.4390007019043,236.2754000854492,7.171610885553818,-11.488235787130407,-7.351861371890287,-27.711166928069616
183.25,183.25,186.77999877929688,182.10000610351562,185.5,107343200,223.52950057983398,235.4661999511719,8.109340084222694,-13.037499448260121,-8.488988987164253,-13.875798151879565
190.92999267578125,190.92999267578125,191.47999572753906,183.6699981689453,185.6300048828125,125013100,220.417000579834,234.5365997314453,14.353569505609357,-13.490085528304974,-9.489208295392398,-2.909174834520286
191.58999633789062,191.58999633789062,196.36000061035156,190.61000061035156,195.3300018310547,109982300,217.57250061035157,233.5115997314453,16.447456801187826,-13.638292728760973,-10.319025182066113,-4.236424312548621
187.2899932861328,187.2899932861328,193.97000122070312,185.85000610351562,187.0,103221400,214.51600036621093,232.58559967041015,15.653057634013251,-13.942007528360904,-11.043621651325072,-8.585750393391862
188.86000061035156,188.86000061035156,189.8800048828125,184.27999877929688,188.5,91843300,212.0365005493164,231.67679962158203,19.439130044718766,-13.895834692743847,-11.614064259608828,-4.511789985862237
187.91000366210938,187.91000366210938,188.69000244140625,182.0,185.0399932861328,110505100,209.5355010986328,230.7229995727539,22.029612195791955,-13.777085536006297,-12.046668514888323,-5.332185389699845
181.05999755859375,181.05999755859375,184.67999267578125,175.00999450683594,184.25999450683594,134294400,206.7140007019043,229.52019958496095,18.26497996489057,-14.073483856950986,-12.452031583300856,-11.284722006972146
185.10000610351562,185.10000610351562,186.49000549316406,177.11000061035156,177.2100067138672,122676000,203.94650115966797,228.5379995727539,24.99589649082931,-13.823043297333243,-12.726233926107335,-3.3154382831392866
187.5800018310547,187.5800018310547,189.7899932861328,182.67999267578125,188.17999267578125,111535200,201.57750091552734,227.58059967041015,29.64823760977319,-13.271467207716995,-12.83528058242927,-1.6002409131251625
189.55999755859375,189.55999755859375,191.6199951171875,185.5800018310547,189.0,83034000,199.3585006713867,226.65019958496094,31.562647316819934,-12.530130530091839,-12.774250571961785,-0.5998897764059734
193.57000732421875,193.57000732421875,194.1199951171875,189.47999572753906,190.17999267578125,84476300,197.6760009765625,225.58719970703126,37.715765141189934,-11.486630866545426,-12.516726630878514,2.4185299476865794
188.1300048828125,188.1300048828125,194.72999572753906,187.27999877929688,192.11000061035156,95498600,196.13800125122071,224.46699981689454,34.34193555283592,-10.972132682550921,-12.207807841212997,-5.1399041821322555
184.02000427246094,184.02000427246094,187.25999450683594,182.11000061035156,183.99000549316406,86759500,194.34350128173827,223.34579986572265,32.96609488611256,-10.77186056221231,-11.920618385412862,-6.989249701179517
188.7100067138672,188.7100067138672,188.88999938964844,183.35000610351562,185.3000030517578,81203000,193.00150146484376,222.3433999633789,56.15633794155991,-10.11806471121136,-11.560107650572563,0.27765339169459935
200.4499969482422,200.4499969482422,200.8800048828125,188.86000061035156,189.16000366210938,120831800,192.43000106811525,221.64079986572267,64.21486992579187,-8.55400247636058,-10.958886615730167,10.4807465634687
199.9499969482422,199.9499969482422,203.1699981689453,197.39999389648438,202.05999755859375,111173600,191.81800079345703,220.86539978027344,58.45836501514861,-7.271002121689918,-10.221309716922118,4.000832860333844
193.75999450683594,193.75999450683594,198.60000610351562,189.1300048828125,196.1300048828125,104545800,191.06600036621094,219.9531997680664,51.84366812340298,-6.676731359120623,-9.51239404536182,-3.356213576774195
194.77000427246094,194.77000427246094,199.44000244140625,191.9499969482422,193.36000061035156,103844000,190.34750061035157,218.99579986572266,56.73146796836851,-6.054475921569264,-8.820810420603308,0.16748653860267382
197.41000366210938,197.41000366210938,198.32000732421875,191.36000061035156,194.0,92739500,189.8265007019043,218.06720001220702,57.54900230511909,-5.2873587366033235,-8.11412008380331,2.7498934280169465
191.97000122070312,191.97000122070312,197.57000732421875,191.5,195.30999755859375,78841900,190.29350051879882,217.1117999267578,53.32133168828744,-5.060046507393423,-7.503305368521333,-3.9481792650189504
199.39999389648438,199.39999389648438,201.77999877929688,192.0,192.2899932861328,111747100,191.10100021362305,216.35959991455078,64.86223072075876,-4.231582564418574,-6.848960807700781,5.924387887400286
199.72999572753906,199.72999572753906,205.60000610351562,198.25999450683594,204.0399932861328,108645400,191.54100036621094,215.5683999633789,62.61423369389751,-3.50795303209577,-6.1807592525797785,3.1029953852994367
202.0399932861328,202.0399932861328,205.3000030517578,198.44000244140625,200.4199981689453,99806200,192.06350021362306,214.5881997680664,62.50431479020355,-2.7167568350650697,-5.487958769076838,4.603657211676335
201.8800048828125,201.8800048828125,205.27999877929688,198.4499969482422,204.17999267578125,85907000,192.79300079345703,213.55579986572266,61.00000653948103,-2.0786761905330877,-4.806102253368088,2.970694621787885
202.63999938964844,202.63999938964844,204.52000427246094,198.5,200.52000427246094,82099200,193.48200073242188,212.56699981689454,58.59715136404935,-1.4944404976560577,-4.143769902225682,3.3528710476273034
188.13999938964844,188.13999938964844,199.75,186.72000122070312,198.72999572753906,134334900,193.49350051879884,211.18539978027343,50.008084864664305,-2.1763704761978886,-3.7502900170201237,-11.751606437428308
180.74000549316406,180.74000549316406,184.58999633789062,177.57000732421875,183.0500030517578,119660800,193.47750091552734,209.85739990234376,47.480798763920426,-3.2761570610861384,-3.6554634258333265,-12.138706357950298
176.5399932861328,176.5399932861328,181.5800018310547,173.6999969482422,179.99000549316406,107920900,193.04950027465821,208.2981997680664,40.581940731364014,-4.435521802957396,-3.8114751012581407,-10.96890313369579
178.64999389648438,178.64999389648438,180.0399932861328,173.6999969482422,174.35000610351562,102129000,192.60299987792968,206.82039978027345,30.17460463275522,-5.124989608407304,-4.074178002687974,-5.02301173315459
175.33999633789062,175.33999633789062,182.72999572753906,174.6999969482422,181.5,85315300,191.89199981689453,205.195,28.70738581980686,-5.870811886771179,-4.433504779504616,-7.9007460314428215
177.77000427246094,177.77000427246094,182.8699951171875,174.8000030517578,175.4499969482422,85391500,191.10199966430665,203.5216000366211,35.20267388891557,-6.194394954677165,-4.7856828145391255,-3.178902373335916
177.5399932861328,177.5399932861328,179.42999267578125,172.41000366210938,177.77000427246094,87391700,190.57249908447267,202.00880004882814,33.82158592833039,-6.3956715115792235,-5.107680553947145,-3.7121419753344753
169.47999572753906,169.47999572753906,176.0500030517578,169.14999389648438,173.0500030517578,106524500,189.84549865722656,200.42880004882812,26.197367644240032,-7.123444442469179,-5.510833331651552,-11.360173256013184
162.5,162.5,171.1699981689453,160.50999450683594,167.77000427246094,126325700,188.5349983215332,198.7104000854492,25.52731655618129,-8.169266831631433,-6.042520031647529,-13.9830622156433
163.57000732421875,163.57000732421875,165.17999267578125,160.75999450683594,163.16000366210938,96971900,186.69099884033204,197.21280029296875,16.731678262589412,-8.810189579822293,-6.596053941282483,-8.136970111630049
173.8000030517578,173.8000030517578,174.72000122070312,165.89999389648438,170.02000427246094,108214400,185.3834991455078,195.93020050048827,29.662750842524503,-8.395867976010607,-6.956016748228109,3.1745696990151373
171.32000732421875,171.32000732421875,172.82000732421875,167.4199981689453,172.36000061035156,77271400,184.26149978637696,194.60680053710936,25.969972745682156,-8.173412042730945,-7.199495807128676,-3.593173485132098
175.66000366210938,175.66000366210938,176.25,170.82000732421875,173.0,83846700,183.30599975585938,193.31100067138672,30.748899507551187,-7.5597683752558,-7.271550320754102,1.3199192784479408
172.82000732421875,172.82000732421875,178.17999267578125,171.8000030517578,176.38999938964844,73178000,182.07649993896484,192.06820068359374,28.754639004008638,-7.219394629968747,-7.261119182597031,-3.5390421396429588
170.8300018310547,170.8300018310547,171.1999969482422,166.3000030517578,166.69000244140625,75454700,181.0194999694824,190.80600067138673,34.99220259391416,-7.029194616677529,-7.214734269413131,-4.502531298853796
172.6300048828125,172.6300048828125,175.24000549316406,168.72999572753906,168.75999450683594,74228600,179.68100051879884,189.7142007446289,42.21240916746008,-6.65648274325585,-7.103083964181675,-1.474186301200774
177.6699981689453,177.6699981689453,184.25,177.3800048828125,178.5800018310547,113186200,178.57800064086913,188.88980072021485,51.067855608203004,-5.886563916544446,-6.859779954654229,3.067719150252856
179.8300018310547,179.8300018310547,181.91000366210938,176.0,181.41000366210938,81804000,177.46750106811524,188.08820068359375,51.1140556882344,-5.043959826655936,-6.4966159290545695,2.7375943193448222
175.7899932861328,175.7899932861328,179.57000732421875,175.3000030517578,177.4499969482422,77654800,176.16300048828126,187.29300048828125,50.4190694727975,-4.648598787430416,-6.127012500729739,-2.9279610235924736
175.22000122070312,175.22000122070312,176.75,170.2100067138672,176.1699981689453,81562100,174.792000579834,186.55980041503906,47.54003187182029,-4.331336955223293,-5.767877391628451,-1.9676629340245597
166.6300048828125,166.6300048828125,167.69000244140625,163.42999267578125,164.75,116650600,173.71650085449218,185.64860046386718,40.93704043313777,-4.718651900474271,-5.558032293397615,-10.00345315159612
168.3800048828125,168.3800048828125,168.82000732421875,163.27999877929688,164.02000427246094,82950100,173.0985008239746,184.8402005004883,48.97922136548063,-4.8287288302238665,-5.412171600762866,-3.763026421054292
171.11000061035156,171.11000061035156,177.19000244140625,168.00999450683594,170.07000732421875,123162000,172.82700119018554,184.07960052490233,58.67419142697532,-4.642165753269865,-5.258170431264266,-0.7128457858266302
164.89999389648438,164.89999389648438,170.86000061035156,160.50999450683594,169.0800018310547,141250700,172.13950119018554,183.22100036621094,51.21415632558702,-4.938481077522965,-5.1942325605160065,-7.875811945477807
172.97999572753906,172.97999572753906,174.5,167.7899932861328,169.33999633789062,104423300,172.02150115966796,183.02800018310546,49.220821550446225,-4.469799421084247,-5.049345932629655,3.274670593412708
176.8800048828125,176.8800048828125,179.22000122070312,171.9199981689453,172.91000366210938,103232700,171.97700119018555,182.90060028076172,55.14433445543582,-3.740548966518247,-4.787586539407374,3.979559566443413
171.75999450683594,171.75999450683594,174.92999267578125,170.00999450683594,173.0399932861328,84532400,171.6880012512207,182.51720031738282,46.4428971646554,-3.535005432773602,-4.53707031808062,-3.623126322577349
174.60000610351562,174.60000610351562,175.8800048828125,168.50999450683594,172.5500030517578,94516000,171.94400177001953,182.1774005126953,51.62349284073253,-3.107128457793806,-4.251081946023257,1.118462760704432
171.0500030517578,171.0500030517578,173.80999755859375,170.36000061035156,172.33999633789062,64506600,172.37150192260742,181.8526007080078,50.195105607100786,-3.0196794649123433,-4.004801449801074,-3.512385871189565
161.47999572753906,161.47999572753906,170.69000244140625,161.3800048828125,170.24000549316406,100245300,172.26700134277343,181.30500061035156,41.309429259798144,-3.680172382792904,-3.93987563639944,-11.50374179830284
157.11000061035156,157.11000061035156,158.19000244140625,153.75,156.74000549316406,97000000,171.43250122070313,180.6890005493164,33.80593563621993,-4.50431690178786,-4.0527638894771245,-10.714577594181833
155.4499969482422,155.4499969482422,158.3300018310547,153.77999877929688,157.63999938964844,82439700,170.6390007019043,180.1768005371094,30.644657973669027,-5.231104872316422,-4.288432086044984,-8.795293825307027
149.92999267578125,149.92999267578125,152.1999969482422,148.6999969482422,151.25,96098800,169.35250015258788,179.47340026855468,29.941059824786777,-6.181254137373344,-4.666996496310656,-12.203719458220405
147.0500030517578,147.0500030517578,150.94000244140625,146.22000122070312,148.97000122070312,86005100,168.06399993896486,178.66280029296874,28.905209307193743,-7.084974196671965,-5.150592036382918,-11.360931163143292
142.0500030517578,142.0500030517578,144.44000244140625,138.8000030517578,140.55999755859375,107097600,166.625,177.71260040283204,30.547652048620392,-8.111136930348437,-5.742701015176022,-13.603069513808848
144.67999267578125,144.67999267578125,147.25999450683594,141.11000061035156,143.3300018310547,124545100,165.22749938964844,176.73480010986327,31.501715719785295,-8.612876231109084,-6.316736058362635,-7.306519652874925
162.1300048828125,162.1300048828125,167.97000122070312,157.50999450683594,162.83999633789062,181178000,164.45049972534179,176.2148001098633,44.300589839604605,-7.5158006213879105,-6.5565489709676905,10.211786817084018
170.17999267578125,170.17999267578125,170.8800048828125,158.36000061035156,158.9600067138672,126427500,163.96799926757814,175.93799987792968,53.27461988366077,-5.928454030612954,-6.430929982896745,10.081420796959762
168.2899932861328,168.2899932861328,172.1199951171875,166.3699951171875,168.85000610351562,109815700,163.59299926757814,175.529599609375,46.84938802906037,-4.768014869144594,-6.098346960146316,2.4595696125085738
194.0500030517578,194.0500030517578,198.8699951171875,184.5399932861328,188.4199981689453,243869700,164.53449935913085,175.40159973144532,58.915772107371524,-1.7495729821990835,-5.228592164556869,27.467304429667536
183.27999877929688,183.27999877929688,190.9499969482422,182.83999633789062,186.97999572753906,127031800,165.36699905395508,175.0681997680664,55.65038369246765,-0.22390434627340028,-4.227654600900175,3.2096548553032562
179.99000549316406,179.99000549316406,185.86000061035156,179.00999450683594,182.0,92829700,165.94749908447267,174.79279998779296,52.63209269546756,0.711522093193679,-3.239819262081404,1.7067143587215696
180.00999450683594,180.00999450683594,184.60000610351562,176.02000427246094,182.86000061035156,89148000,166.3924987792969,174.49759979248046,54.531657284398186,1.4378921070497483,-2.3042769882551735,2.863825658765478
181.19000244140625,181.19000244140625,184.77999877929688,178.4199981689453,182.10000610351562,75491500,167.20699920654297,174.1731997680664,60.89311914017799,2.0847308749989963,-1.4264754156043393,3.9491120082863347
184.75999450683594,184.75999450683594,187.55999755859375,182.1999969482422,183.8000030517578,84390300,167.7959991455078,174.02899963378906,65.41764200188817,2.8525414605205697,-0.5706720403793574,6.73782459496303
177.80999755859375,177.80999755859375,183.25999450683594,177.39999389648438,182.39999389648438,75045900,167.84249877929688,173.59719970703125,61.77338153714984,2.867179154610511,0.11689819861861657,-2.32698756482057
174.72000122070312,174.72000122070312,176.05999755859375,170.14999389648438,171.58999633789062,79969500,167.99049911499023,173.09699981689454,63.39566467525632,2.599477592773951,0.6134140774496837,-2.6182952166849986
171.97000122070312,171.97000122070312,175.6199951171875,171.3699951171875,175.00999450683594,65950300,167.8589988708496,172.49559997558595,63.48485061163153,2.140743006232185,0.9188798632061841,-3.3544836069425514
168.47000122070312,168.47000122070312,173.05999755859375,167.75,173.0500030517578,72627200,167.72999877929686,171.82739990234376,64.53245565339947,1.477737355736764,1.0306513617123003,-4.939263323251851
171.88999938964844,171.88999938964844,175.39999389648438,169.0,170.0,67018900,168.25049896240233,171.21239990234375,64.8380469612639,1.2142685392731494,1.0673747972244703,0.8268028525230022
177.5500030517578,177.5500030517578,179.49000549316406,174.07000732421875,174.5,86407400,169.27249908447266,171.00059997558594,59.6495633865354,1.4455195474055529,1.1430037472606869,5.529325503149238
173.99000549316406,173.99000549316406,180.0,173.11000061035156,179.89999389648438,79663000,170.19949951171876,170.86559997558595,52.526199047403026,1.3262375457136955,1.1796505069512886,-0.8712418986581838
174.83999633789062,174.83999633789062,175.7899932861328,171.42999267578125,174.10000610351562,59812200,171.44499969482422,170.8316000366211,54.40366063311374,1.285474705269877,1.2008153466150064,1.1122042497745497
177.4600067138672,177.4600067138672,179.6300048828125,172.75,173.5500030517578,77445800,172.9654998779297,170.80780029296875,33.80831284133474,1.447892399242022,1.2502307571404097,3.463413058896805
174.9499969482422,174.9499969482422,177.75,173.52000427246094,177.55999755859375,61727400,174.6104995727539,170.8000003051758,40.30718576631852,1.3584138317430643,1.2718673720609406,-0.40250261611512883
186.60000610351562,186.60000610351562,186.8800048828125,174.7100067138672,175.50999450683594,115266500,176.7065002441406,170.97660034179688,56.43873015250168,2.2021745011404334,1.4579287978768394,12.158515986234875
180.11000061035156,180.11000061035156,183.8000030517578,178.1199951171875,182.85000610351562,88313500,177.6055000305176,171.02800048828124,50.086510442763455,2.3204233110296855,1.630427700507409,-0.01180704257072307
173.74000549316406,173.74000549316406,181.89999389648438,173.25999450683594,181.8000030517578,71975500,177.78350067138672,171.11320068359376,44.08636585287273,1.8784770608706367,1.6800375725800547,-4.538063883593793
179.24000549316406,179.24000549316406,180.0800018310547,173.72999572753906,174.83999633789062,65479700,178.33100128173828,171.44800079345703,45.748623019143054,1.9495621690267058,1.733942491869385,4.260370341847647
176.75,176.75,178.25,173.16000366210938,176.39999389648438,59736600,177.46600112915038,171.71160064697267,49.123389701153975,1.7844054803036329,1.7440350895562347,-0.21164800821591712
176.19000244140625,176.19000244140625,178.14999389648438,173.92999267578125,174.19000244140625,54782600,177.11150131225585,171.75940063476563,51.268773202279355,1.59000193910515,1.7132284594660177,0.1361406532242313
178.7899932861328,178.7899932861328,182.6699981689453,175.3800048828125,178.5800018310547,77784800,177.0515007019043,171.90880035400392,55.90168778856151,1.6269784692086375,1.695978461414542,3.186193418263912
178.0800018310547,178.0800018310547,180.32000732421875,173.82000732421875,178.5,67314600,176.95500106811522,171.9572003173828,58.73795203707172,1.580770124933565,1.6729367941183468,1.3206176605598898
176.2899932861328,176.2899932861328,182.63999938964844,174.49000549316406,178.1300048828125,68568900,176.71000061035156,172.0266000366211,54.12293158539801,1.3837598274031109,1.6151014007752997,-0.36123032024161716
174.77000427246094,174.77000427246094,177.75999450683594,174.0,174.77999877929688,60056300,176.21050109863282,172.10540008544922,47.175946047998536,1.092385002578908,1.5105581211360215,-1.0088791908007693
175.0,175.0,176.14999389648438,172.1300048828125,175.35000610351562,57953800,176.07000122070312,172.15279998779297,51.10045164553191,0.8699982890008755,1.3824461547089923,0.18492504859437986
177.94000244140625,177.94000244140625,179.72999572753906,172.72999572753906,174.60000610351562,69887000,176.2310012817383,172.1582000732422,53.23051833439447,0.9203792832157376,1.2900327804103415,3.2976865135044875
177.47999572753906,177.47999572753906,179.35000610351562,175.5800018310547,176.1300048828125,56244900,176.5065010070801,172.11119995117187,50.0218125387131,0.9126672270560334,1.21455966973948,1.4942420336577982
173.7899932861328,173.7899932861328,178.57000732421875,173.1699981689453,176.05999755859375,50869700,176.77250061035156,172.07119995117188,48.76595355094747,0.6018650825787688,1.0920207523073377,-2.245553299695217
170.66000366210938,170.66000366210938,174.75,167.41000366210938,173.9199981689453,64761900,176.71100082397462,171.98,29.287928102833504,0.10181448561516504,0.8939794989689032,-3.59135775321829
177.2899932861328,177.2899932861328,180.5500030517578,169.8000030517578,171.1199951171875,90389400,176.69800033569337,172.1931997680664,46.349029118158136,0.23776473451889046,0.7627365460789006,5.030635060408372
182.47000122070312,182.47000122070312,191.0800018310547,181.22999572753906,188.38999938964844,118984100,177.12200012207032,172.47499969482422,61.66176996352645,0.754788898844879,0.7611470166320964,7.497949286734325
178.00999450683594,178.00999450683594,186.0,176.9199981689453,185.8000030517578,82038200,177.28050003051757,172.6129995727539,48.30995943567195,0.7954792168106621,0.7680134566678096,-0.052096968535749966
187.44000244140625,187.44000244140625,188.80999755859375,177.0,177.9199981689453,109786100,177.77949981689454,173.06379974365234,62.33557091412606,1.5705451505465646,0.9285197954435608,10.763421609965292
184.86000061035156,184.86000061035156,187.1999969482422,182.3699951171875,186.55999755859375,68982300,178.275,173.30139984130858,59.55898557800204,1.9540804779131236,1.1336319319374735,3.602173273364542
181.57000732421875,181.57000732421875,185.2100067138672,179.66000366210938,184.67999267578125,55893100,178.02350006103515,173.39519989013672,53.01912949987688,1.969852788746266,1.300876103299232,0.4423796009322132
183.00999450683594,183.00999450683594,183.9499969482422,180.69000244140625,182.3000030517578,63029500,178.1684997558594,173.62019989013672,55.27046593312231,2.074632319906982,1.455627346620782,3.257800172737177
182.5800018310547,182.5800018310547,188.8000030517578,182.5500030517578,184.97000122070312,61992100,178.6104995727539,173.7797998046875,56.9258007760784,2.098780601581325,1.5842579976128908,2.305400529191928
187.35000610351562,187.35000610351562,187.97000122070312,182.00999450683594,184.39999389648438,63678300,179.0159996032715,174.10579986572264,62.92643323995973,2.4742956291682674,1.7622655239239662,7.152808271725036
196.3699951171875,196.3699951171875,197.75999450683594,186.36000061035156,186.5399932861328,95737100,179.99699935913085,174.80359985351564,68.59878322738498,3.459848741568692,2.1017821674529116,13.75255680580156
197.4199981689453,197.4199981689453,198.72000122070312,194.0500030517578,195.1699981689453,72746500,181.05849914550782,175.6097998046875,67.53059929215235,4.276338189981999,2.5366933719587292,9.654824681486303
197.8800048828125,197.8800048828125,203.1999969482422,195.25999450683594,199.5500030517578,95438100,182.01299972534179,176.4583999633789,68.35854540521079,4.904000393805433,3.0101547763280703,8.125662888970368
209.86000061035156,209.86000061035156,213.22999572753906,200.85000610351562,201.02000427246094,135691400,183.60199966430665,177.65700012207031,78.24590533763877,6.295541661176657,3.667232153297788,18.960232760612
231.25999450683594,231.25999450683594,231.3000030517578,218.05999755859375,218.88999938964844,205047900,186.3504997253418,179.3411999511719,86.89722705072545,9.02115850158674,4.738017422955579,33.734618567116144
246.38999938964844,246.38999938964844,248.35000610351562,234.25,234.55999755859375,166561500,189.93149948120117,181.4279998779297,88.12624686977594,12.260760022456196,6.242565942855704,36.22710237421248
251.52000427246094,251.52000427246094,252.3699951171875,242.4600067138672,249.80999755859375,154501200,193.75749969482422,183.56480010986328,88.11969145468989,15.06841675997191,8.007736106278946,30.037474701934514
252.94000244140625,252.94000244140625,259.44000244140625,244.57000732421875,247.7100067138672,157219600,197.50749969482422,185.38100006103517,92.80248031636759,17.20970418022094,9.848129721067345,24.934479405538383
262.3299865722656,262.3299865722656,265.6099853515625,250.3000030517578,251.0,160210900,201.74999923706054,187.22399993896485,92.79918768580798,19.440287597633073,11.766561296380491,30.65073072715407
263.260009765625,263.260009765625,267.5899963378906,257.8599853515625,262.79998779296875,128519400,206.22350006103517,189.1234002685547,95.66637140974426,21.04054383356433,13.621357803817261,24.78736614042171
241.02999877929688,241.02999877929688,271.0,239.64999389648438,263.29998779296875,221707300,209.74199981689452,190.06300018310546,78.37373169870023,20.281193354731414,14.953324914000092,-0.5682389208992902
248.22999572753906,248.22999572753906,251.83999633789062,233.08999633789062,235.8000030517578,155955800,213.28899993896485,191.3620001220703,79.500631526638,20.029494663713734,15.968558863942821,15.904503372979605
252.63999938964844,252.63999938964844,265.6000061035156,251.72999572753906,255.97000122070312,146912900,216.7974998474121,192.815,80.58853720308522,19.955833649053773,16.766013820965014,18.154726196750175
256.55999755859375,256.55999755859375,258.6199951171875,245.8000030517578,255.30999755859375,126332500,220.725,194.34600006103517,80.44338140202575,19.983411526839433,17.409493362139898,19.310054246467587
248.5,248.5,258.4700012207031,246.17999267578125,252.72999572753906,115584800,223.7779998779297,195.69220001220702,73.12571853435509,19.134324172546172,17.754459524221154,8.29928619114358
249.22999572753906,249.22999572753906,257.1400146484375,247.1999969482422,251.08999633789062,110869000,226.99649963378906,196.9816000366211,73.04919957553989,18.309263093487118,17.865420238074346,11.898584090420286
239.1999969482422,239.1999969482422,249.44000244140625,236.8300018310547,247.7899932861328,87403900,229.87799911499025,198.20940002441407,66.93997613593584,16.65408128455408,17.623152447370295,1.7332370906502774
251.50999450683594,251.50999450683594,253.2100067138672,243.75,244.2100067138672,101225400,233.30299911499023,199.74519989013672,67.02918921670724,16.149490427134793,17.328420043323195,18.867236532346567
246.3800048828125,246.3800048828125,255.75999450683594,245.6300048828125,253.60000610351562,111928200,236.4929992675781,201.2333999633789,57.13073465698022,15.160885991318565,16.89491323292227,8.605587001100275
215.99000549316406,215.99000549316406,225.99000549316406,214.7100067138672,225.4199981689453,167942900,237.92499923706055,202.18380004882812,37.46702085980157,11.789291271304592,15.873788840598735,-20.36805830154924
220.25,220.25,226.0,216.22999572753906,216.8000030517578,100636500,239.11899948120117,203.15100006103515,37.015195048553515,9.353206180428089,14.569672308564606,-0.8800531613390206
219.8000030517578,219.8000030517578,222.27999877929688,215.3300018310547,221.19000244140625,94604100,240.2379997253418,203.99600006103515,36.12692441980121,7.302106068566161,13.116159060564916,0.2327623712730258
232.10000610351562,232.10000610351562,234.27000427246094,224.6999969482422,224.89999389648438,129201800,241.94899978637696,205.1582000732422,37.64610585994839,6.593100742107254,11.811547396873385,13.986397073785952
222.6199951171875,222.6199951171875,232.41000366210938,220.0,232.25,100560300,242.58699951171874,206.11380004882812,34.47669345172943,5.206236994637692,10.490485316426247,-0.8124240785757308
232.07000732421875,232.07000732421875,234.67999267578125,226.7899932861328,227.89999389648438,67497000,242.62750015258788,207.20600006103516,46.20725032785987,4.814179625020017,9.355224178145,12.387372821783288
216.86000061035156,216.86000061035156,231.8699951171875,214.3300018310547,227.69000244140625,83861900,241.15100021362304,208.04420013427733,37.5644200813544,3.2388158554097117,8.131942513597943,-6.748729786432762
207.6699981689453,207.6699981689453,216.1300048828125,205.77999877929688,214.8800048828125,82880100,238.95849990844727,208.46559997558595,32.8240776248182,1.2345413014955966,6.752462271177474,-9.124706616974578
198.8800048828125,198.8800048828125,203.8800048828125,182.0,185.22000122070312,100308800,236.25550003051757,208.84100006103515,28.75976093889315,-1.0510241672909615,5.191764983483786,-11.767193352259824
200.63999938964844,200.63999938964844,202.89999389648438,192.6699981689453,200.75,73783900,233.1710006713867,209.37899993896485,31.518380371643687,-2.6893334580480257,3.6155452951774234,-3.716627300485726
191.75999450683594,191.75999450683594,203.49000549316406,191.47999572753906,200.77000427246094,71159800,229.59599990844725,209.62939971923828,29.121558097147144,-4.650637896352123,1.9623086568715138,-11.349203077751355
198.83999633789062,198.83999633789062,200.6999969482422,192.0399932861328,195.6999969482422,65033900,227.48649978637695,210.0711996459961,35.01633567249303,-5.569487234468085,0.45594947860359375,1.1683438104407742
200.0,200.0,200.8800048828125,195.11000061035156,197.0500030517578,58648300,225.075,210.54739959716798,29.150818160291507,-6.13337759488104,-0.8619159360933334,0.6074783659633454
197.49000549316406,197.49000549316406,199.25999450683594,194.6699981689453,199.02000427246094,64044900,222.31750030517577,210.92139984130858,29.782486254661336,-6.705503477859509,-2.0306334444465692,-2.2827593684805834
207.8300018310547,207.8300018310547,208.49000549316406,197.05999755859375,198.47000122070312,76247400,219.88100051879883,211.51639984130858,45.954787637205776,-6.252491245513966,-2.875005004660049,9.483817353151863
201.3800048828125,201.3800048828125,208.44000244140625,198.75,207.38999938964844,70250000,217.52500076293944,212.01820007324218,40.84425435989651,-6.340843341450437,-3.568172672018127,-1.598143514572996
214.13999938964844,214.13999938964844,215.8800048828125,204.82000732421875,205.02000427246094,89848500,215.77050094604493,212.80559997558595,47.546808736343344,-5.319913446365888,-3.918520826887679,13.465766598143631
216.1199951171875,216.1199951171875,219.8000030517578,210.8000030517578,211.14999389648438,88765100,214.6165008544922,213.62799987792968,42.39336934198075,-4.301465425554454,-3.995109746621034,9.516716374731175
222.72000122070312,222.72000122070312,222.97999572753906,214.08999633789062,217.07000732421875,76435200,213.17700119018554,214.52359985351563,50.048945820247994,-2.9280203021248496,-3.7816918577217975,13.770032804970612
221.10000610351562,221.10000610351562,228.22000122070312,219.55999755859375,224.8800048828125,74001200,211.9130012512207,215.39600006103515,44.185305426552205,-1.9478219349727226,-3.4149178731719827,7.976085379784536
223.27000427246094,223.27000427246094,224.66000366210938,218.86000061035156,222.6699981689453,70146000,212.27700119018556,216.3856002807617,53.9426776938931,-0.9845575832997895,-2.928845815197544,9.646401241389952
210.66000366210938,210.66000366210938,224.8000030517578,210.32000732421875,223.82000732421875,79514500,211.79750137329103,217.18560028076172,51.76484850275229,-1.2245692358542044,-2.5879904993288765,-4.568557502585378
220.32000732421875,220.32000732421875,221.47999572753906,214.2100067138672,214.4600067138672,81525200,211.82350158691406,218.04620056152345,62.52629458132822,-0.6280587656831926,-2.19600415259974,10.753576961328378
213.2100067138672,213.2100067138672,219.08999633789062,211.00999450683594,218.75,59301200,210.87900161743164,218.66100067138672,56.911914844774145,-0.7207294287318575,-1.9009492078261634,-0.02059975446252338
209.2100067138672,209.2100067138672,215.66000366210938,206.94000244140625,213.25,62821400,210.20850219726563,219.28500091552735,60.13946233729571,-1.104209527374195,-1.7416012717357698,-1.1809332450528132
205.75,205.75,211.83999633789062,202.58999633789062,209.72000122070312,64116400,208.8925018310547,219.6512008666992,54.19143775087318,-1.6680852453383466,-1.7268980664562852,-2.090275642975996
206.27999877929688,206.27999877929688,214.88999938964844,205.97000122070312,209.8000030517578,62308800,208.36350173950194,220.07960083007814,53.83863063353457,-2.048579591886721,-1.7912343715423722,0.9003230915489837
214.11000061035156,214.11000061035156,214.57000732421875,207.02999877929688,208.6300048828125,63370600,208.68550186157228,220.73040069580077,59.538565225371904,-1.6987265310996236,-1.7727328034538223,9.271120063151045
210.60000610351562,210.60000610351562,219.89999389648438,209.63999938964844,215.25999450683594,76714200,209.27150192260743,221.28220092773438,51.72499969117531,-1.685265985089785,-1.755239439781015,2.226832466112768
219.41000366210938,219.41000366210938,222.22000122070312,210.57000732421875,210.58999633789062,80651800,210.21000213623046,222.01880096435548,60.90744108334641,-0.9527228348514143,-1.5947361187950948,12.07287622832689
230.1699981689453,230.1699981689453,235.0,222.25,223.49000549316406,119355000,212.13050231933593,222.87520080566406,59.938003715084996,0.49041136414106745,-1.1777066222078625,18.566148638063254
210.72999572753906,210.72999572753906,233.60000610351562,210.50999450683594,232.60000610351562,112177000,212.72500228881836,223.1624008178711,47.2530836020198,0.06471390233764396,-0.9292225172987612,-7.297475715481511
216.27000427246094,216.27000427246094,219.8699951171875,213.6699981689453,216.1999969482422,67443500,213.53850250244142,223.5394009399414,46.67697231044787,0.1723907731425811,-0.7088998592104927,6.103926145286437
226.1699981689453,226.1699981689453,226.39999389648438,218.63999938964844,220.07000732421875,78891100,214.97250213623047,224.10520080566405,52.40671792333288,1.044531529496851,-0.35821358146902393,14.675327040203115
228.1300048828125,228.1300048828125,228.47000122070312,216.8000030517578,224.5500030517578,83548600,215.98750228881835,224.4706008911133,52.3116438977551,1.8722830106014499,0.08788573694507094,11.569412712271316
229.80999755859375,229.80999755859375,231.4499969482422,223.8300018310547,224.66000366210938,72020000,217.40900192260742,224.44160095214843,60.16561917407169,2.6334862020066794,0.5970058299573928,10.989196274470089
230.2899932861328,230.2899932861328,232.6699981689453,226.32000732421875,228.0,59515100,218.21650161743165,224.11960083007813,55.864008120311276,3.238149487475397,1.1252345614609938,9.734256127326148
226.77999877929688,226.77999877929688,229.9600067138672,223.52999877929688,229.3000030517578,54323000,218.7495018005371,223.62480072021484,58.334353272599316,3.394986978536849,1.579185044876165,5.237714037055667
227.8699951171875,227.8699951171875,234.57000732421875,226.5500030517578,229.4499969482422,66761600,219.00700149536132,223.12340057373046,61.885345242318365,3.566127319245396,1.9765734997500117,7.545632713620961
227.1999969482422,227.1999969482422,235.67999267578125,226.8800048828125,230.08999633789062,78010200,219.31200103759767,222.42080078125,64.16589862122659,3.6061248568163364,2.3024837711632773,6.394053761762763
243.9199981689453,243.9199981689453,244.24000549316406,232.1300048828125,234.0,102694600,220.34450073242186,222.0340005493164,70.47878571225769,4.930155790105317,2.8280181749516857,23.24657221015761
238.25,238.25,243.99000549316406,235.9199981689453,241.52000427246094,99879100,221.7240005493164,221.97840057373048,63.44996998061109,5.459010305101259,3.354216600981601,9.140931146209454
250.0,250.0,250.0,241.9199981689453,242.61000061035156,86927200,223.20800018310547,222.01380065917968,70.1061450043107,6.748466004256471,4.033066481636576,21.54239880897552
254.27000427246094,254.27000427246094,257.19000244140625,249.0500030517578,254.0800018310547,88491000,225.26100006103516,222.04640075683594,68.65368439221952,8.022444844369204,4.830942154183102,19.509560819954203
257.0199890136719,257.0199890136719,257.04998779296875,252.27999877929688,252.5399932861328,65034300,227.6514991760254,222.0556005859375,65.71461895258915,9.148524543535643,5.694458632053611,18.27165525432801
254.22000122070312,254.22000122070312,261.75,251.52999877929688,260.6000061035156,67142200,230.07499923706055,222.17000061035156,81.61072033102208,9.703163178559919,6.4961995413548745,12.514272954783195
260.4599914550781,260.4599914550781,260.70001220703125,254.1199951171875,257.3800048828125,70988100,232.78399887084962,222.39460052490233,81.79595805355754,10.524908758274819,7.301941384738865,18.82467019818327
261.6300048828125,261.6300048828125,264.8599853515625,255.77000427246094,259.0400085449219,80705700,235.15999908447264,222.84320068359375,79.18040464946327,11.142118944500055,8.069976896691104,16.34533366653838
258.0199890136719,258.0199890136719,263.9800109863281,248.52999877929688,262.6700134277344,87397600,237.53099822998047,222.97340057373046,73.9464805261485,11.210733990363309,8.698128315425546,10.891712127795273
249.02000427246094,249.02000427246094,251.16000366210938,241.5,247.5500030517578,93983900,239.01149826049806,223.02620056152344,63.77457070000304,10.418787064144027,9.042260065169243,2.7533058980179987
240.66000366210938,240.66000366210938,249.7899932861328,237.80999755859375,244.47999572753906,80729200,239.53599853515624,223.51960052490233,56.680849357099646,9.012688573953938,9.036345766926182,-1.3202191636320038
250.0800018310547,250.0800018310547,250.9600067138672,244.5800018310547,246.69000244140625,86573200,241.50349884033204,224.11620056152344,63.9487609994583,8.559788601396605,8.941034333820268,13.11308140406274
240.8300018310547,240.8300018310547,249.8300018310547,240.6999969482422,249.0,68113300,242.73149871826172,224.53680053710937,57.06806822983856,7.369513254220379,8.62673011790029,0.4778710194440521
244.5,244.5,246.2100067138672,240.55999755859375,243.55999755859375,56303200,243.64799880981445,224.78480041503906,59.13604096860135,6.645741673707931,8.23053242906182,8.21012700404637
241.0500030517578,241.0500030517578,247.42999267578125,239.50999450683594,243.82000732421875,66289500,244.29399871826172,225.15340057373047,48.23731970031961,5.727735787991293,7.7299731008477135,3.8300914729905173
238.77000427246094,238.77000427246094,242.7899932861328,232.33999633789062,241.80999755859375,83087100,244.74199905395508,225.2874005126953,50.333250735314685,4.761346820628461,7.136247844803864,3.226202140861062
217.8000030517578,217.8000030517578,223.33999633789062,214.3800048828125,220.1300048828125,142628900,244.11749954223632,225.30620056152344,31.545159224739947,2.27712349445477,6.1644229747340455,-16.17606107243651
219.16000366210938,219.16000366210938,221.91000366210938,213.74000549316406,220.1300048828125,86291900,243.73649978637695,225.53600067138672,29.1829642157481,0.41333462953809885,5.014205305694857,-3.8392241494191524
219.57000732421875,219.57000732421875,224.25999450683594,217.1199951171875,220.00999450683594,62988800,243.3215003967285,225.94980072021485,27.161857452111335,-1.018902332943867,3.807583777967112,-1.228711973733283
221.3300018310547,221.3300018310547,222.82000732421875,218.92999267578125,221.39999389648438,49632800,243.02800064086915,226.36360076904296,29.684990346153043,-1.9890154644520237,2.6482639294832846,1.6248128070055827
220.88999938964844,220.88999938964844,222.0800018310547,217.89999389648438,221.58999633789062,50791800,241.8765007019043,226.94620086669923,23.67266317714548,-2.761508677176522,1.5663094081513231,1.08992011140802
220.6999969482422,220.6999969482422,222.27999877929688,219.22999572753906,220.7100067138672,49611900,240.9990005493164,227.38340087890626,22.407975633665615,-3.350425107803062,0.582962504960446,1.4625828779422818
218.85000610351562,218.85000610351562,220.47999572753906,215.72999572753906,218.89999389648438,47329000,239.44150085449218,227.76040100097657,22.95263262149507,-3.921223004223066,-0.31787459687625663,0.07484320176399706
217.97000122070312,217.97000122070312,218.22000122070312,215.25999450683594,217.30999755859375,43268700,237.6265007019043,228.17000091552734,25.85160499740229,-4.393942850996183,-1.1330882477002422,0.430792932324664
213.64999389648438,213.64999389648438,218.72000122070312,212.11000061035156,217.1300048828125,80938900,235.45800094604493,228.28640075683595,27.58505413641079,-5.058849949391487,-1.9182405880384912,-2.9743547740811778
260.4800109863281,260.4800109863281,262.1199951171875,242.64999389648438,244.67999267578125,204491900,235.77100143432617,229.46840087890624,55.32459919124996,-1.7864099885524922,-1.8918744681412918,46.43921424796147
269.19000244140625,269.19000244140625,269.489990234375,255.32000732421875,256.010009765625,161611900,236.20750198364257,230.5694009399414,64.60049298829495,1.4926395553994212,-1.214971663433149,32.56561678743856
262.510009765625,262.510009765625,273.5400085449219,262.239990234375,270.0,107653600,236.2515022277832,231.49720123291016,58.993313136608286,3.5118084199102384,-0.26961564676447136,16.169812841349653
259.5199890136719,259.5199890136719,264.9800109863281,255.50999450683594,264.510009765625,80521800,236.3265022277832,232.23320098876954,59.265566693075215,4.815237545283878,0.7473549916451989,12.85236760875108
257.54998779296875,257.54998779296875,263.3500061035156,255.82000732421875,258.0400085449219,53993600,236.75300140380858,232.96220062255858,59.45047183828269,5.624417104021603,1.72276741412048,11.105827374151886
249.85000610351562,249.85000610351562,259.75,249.25,257.989990234375,66575300,237.2125015258789,233.4938006591797,68.61424017568254,5.580050217788255,2.4942239748540356,3.775864182293134
248.97999572753906,248.97999572753906,254.0,246.6300048828125,252.0399932861328,57544800,237.15750122070312,234.26020050048828,67.41821531750307,5.412296983849046,3.077838576653038,6.429069900873657
242.83999633789062,242.83999633789062,248.89999389648438,238.8800048828125,244.55999755859375,68802400,237.25800094604492,234.71060028076172,62.739507642257735,4.729387268239805,3.4081483149703917,1.3265192988282593
251.44000244140625,251.44000244140625,255.27999877929688,246.2100067138672,247.33999633789062,69282500,237.60500106811523,235.4752001953125,65.33563808283016,4.826488265484642,3.6918163050732415,13.25821949880168
288.5299987792969,288.5299987792969,289.5899963378906,275.6199951171875,284.6700134277344,165228700,239.9790008544922,237.0616000366211,75.08529448880745,7.806307976713498,4.514714639401293,46.881378303053395
296.9100036621094,296.9100036621094,299.75,285.5199890136719,288.8900146484375,117309200,242.8860008239746,238.88480010986328,76.64498754575315,10.720454202923833,5.7558625521058016,36.01537809272676
321.2200012207031,321.2200012207031,328.7099914550781,297.6600036621094,299.1400146484375,204782800,248.05700073242187,241.1836001586914,80.93309224690998,14.82070584690328,7.568831211065299,51.158820016382094
350.0,350.0,358.6400146484375,336.0,346.29998779296875,210521600,254.5990005493164,243.90140014648438,84.1392101350478,20.160097141852077,10.087084397222656,64.19271323213121
328.489990234375,328.489990234375,345.8399963378906,323.30999755859375,342.739990234375,155726000,260.04499969482424,246.25919982910156,77.27013227229108,22.397738008251054,12.549215119428338,23.10898277214386
330.239990234375,330.239990234375,344.6000061035156,322.5,335.8500061035156,125405600,265.49049911499026,248.47579956054688,71.07806823079387,24.035231701204566,14.846418435783585,29.013198910837332
311.17999267578125,311.17999267578125,329.9800109863281,310.3699951171875,327.69000244140625,120726100,270.0049987792969,250.0959994506836,61.94050678301402,23.523806935155562,16.58189613565798,7.906210069846253
320.7200012207031,320.7200012207031,324.67999267578125,309.2200012207031,310.57000732421875,114440300,275.0059989929199,252.29579956054687,66.28797938283422,23.61606676664752,17.98873026185589,25.434937433972948
338.739990234375,338.739990234375,348.54998779296875,330.010009765625,340.7300109863281,126547500,281.00049819946287,254.74519927978517,70.44703714678606,24.85671314549802,19.362326838584316,39.79461652245675
346.0,346.0,347.3800048828125,332.75,335.760009765625,88852500,287.40199813842776,257.14179931640626,72.22250335829821,26.124608231080344,20.714783117083524,36.97793586038543
342.0299987792969,342.0299987792969,346.6000061035156,334.29998779296875,345.0,66340700,293.82099838256835,259.41979919433595,73.6020019578255,26.50356173943112,21.872538841553045,26.367910199278526
339.6400146484375,339.6400146484375,347.989990234375,335.2799987792969,343.80999755859375,58011700,297.7789985656738,261.6163995361328,73.03354103532588,26.30777373992879,22.759585821228196,23.295852586145884
352.55999755859375,352.55999755859375,361.5299987792969,337.70001220703125,341.0899963378906,89140700,301.9474983215332,264.06179962158205,76.9476393696871,26.885228801642597,23.58471441731108,36.19584470886974
338.5899963378906,338.5899963378906,361.92999267578125,338.20001220703125,360.1400146484375,95890900,305.75149765014646,266.2979995727539,70.85427172374892,25.91685043293893,24.051141620436653,15.043449642661074
338.2300109863281,338.2300109863281,346.9599914550781,335.6600036621094,341.0,62295900,309.6869987487793,268.50519989013674,64.42922444015066,24.834083928753728,24.20773008210007,19.345986246370444
332.8900146484375,332.8900146484375,342.54998779296875,326.5899963378906,341.79998779296875,57896400,313.45400009155276,270.61900024414064,60.633650264291525,23.27677047625548,24.021538160931154,14.484448126207894
345.1600036621094,345.1600036621094,345.45001220703125,334.6499938964844,336.0799865722656,37167600,318.2194999694824,272.64380035400393,57.61741425109561,22.770193299733478,23.771269188691623,29.263689337487364
357.0899963378906,357.0899963378906,360.0,351.1499938964844,352.3800048828125,77986500,323.625,275.0206002807617,52.526908186845354,23.065493294546627,23.630114009862627,35.42432263755262
351.4200134277344,351.4200134277344,355.69000244140625,348.20001220703125,351.79998779296875,58267200,329.0540008544922,277.0490005493164,59.21255034667942,22.581692735888623,23.42042975506783,22.25251625109445
357.92999267578125,357.92999267578125,358.1000061035156,348.6000061035156,353.0,50810900,334.3785003662109,279.1222003173828,60.71512417482493,22.46462007027833,23.229267818109932,29.20986580502216
369.489990234375,369.489990234375,375.42999267578125,359.5,359.8699951171875,81403600,338.42649993896487,281.37160034179686,73.95450066320812,23.03905445294697,23.191225145077343,36.81753150288796
389.2200012207031,389.2200012207031,389.489990234375,370.79998779296875,377.4200134277344,81455800,343.04199981689453,284.07160034179685,75.9666606202176,24.800460564169953,23.51307222889587,49.30410026135246
389.7900085449219,389.7900085449219,404.79998779296875,378.010009765625,397.6099853515625,96359200,346.47050018310546,286.65820068359375,72.30233888267456,25.943323935702097,23.999122570257118,37.59128071340814
400.989990234375,400.989990234375,409.7300109863281,390.8500061035156,392.67999267578125,97563600,349.0199996948242,289.445400390625,73.22410682064236,27.43652512867419,24.686603081940536,44.566308583881494
424.7699890136719,424.7699890136719,424.8800048828125,402.3800048828125,409.70001220703125,104287600,353.83399963378906,292.780400390625,79.93489725372493,30.190725109793732,25.78742748751118,60.369876423615835
418.1000061035156,418.1000061035156,429.29998779296875,415.0,424.8399963378906,87752200,358.2270004272461,296.1620004272461,77.53370740670852,31.472441841657826,26.924430358340512,38.755090670798154
436.2300109863281,436.2300109863281,436.29998779296875,415.7099914550781,420.0,89000200,364.47950134277346,300.07340057373045,78.3262454842987,33.56424375224117,28.252393037120644,55.280567345128816
463.0199890136719,463.0199890136719,463.19000244140625,436.1499938964844,441.0899963378906,114083800,371.59450073242186,304.3322003173828,88.76084970914071,36.95771365300209,29.993457160296934,70.89031151574045
479.8599853515625,479.8599853515625,483.989990234375,457.510009765625,475.8999938964844,131223000,378.65050048828124,309.112799987793,90.01075073216194,40.538606147469864,32.10248695773153,70.39067063101203
440.1300048828125,440.1300048828125,488.5400085449219,427.010009765625,466.5,149340800,383.35700073242185,313.02540008544923,75.36665003488056,39.71282711118431,33.624554988422084,16.398893280674656
436.1700134277344,436.1700134277344,456.3599853515625,420.0199890136719,451.8800048828125,118566100,388.0640014648437,316.92780029296875,72.40854414524134,38.29738464917449,34.55912092057257,26.680830852698705
421.05999755859375,421.05999755859375,447.0799865722656,417.6400146484375,425.510009765625,132216200,392.13500061035154,320.5736001586914,65.50788596763405,35.546624934116494,34.756621723281356,14.95088314218151
430.6000061035156,430.6000061035156,434.510009765625,415.4100036621094,431.0,72698100,396.03700103759763,324.82960021972656,68.84161848367734,33.74740789104061,34.55477895683321,32.41478028098334
462.2799987792969,462.2799987792969,462.7799987792969,435.1400146484375,435.8999938964844,59551800,402.221501159668,329.69200012207034,72.17476930228491,34.480357966573024,34.53989475878117,60.96130719461763
454.1300048828125,454.1300048828125,465.3299865722656,451.0199890136719,465.1600036621094,76366400,408.01650085449216,334.38320007324216,68.25082696760646,34.01152608567145,34.43422102415923,36.27850360850823
431.6600036621094,431.6600036621094,450.0,426.5,449.5199890136719,82666800,412.95500030517576,338.5898001098633,59.04441530244565,31.464133191738995,33.84020345767518,13.413356713464623
417.4100036621094,417.4100036621094,427.0,415.75,419.3999938964844,64941000,416.56750030517577,342.5202001953125,55.56182103592152,27.972994791173846,32.666761724374915,8.964373574103433
403.8399963378906,403.8399963378906,427.92999267578125,402.5400085449219,423.7900085449219,76825100,418.9050003051758,346.1830001831055,50.56847780843158,23.836484123372543,30.90070620417444,4.147183846350629
379.2799987792969,379.2799987792969,392.7300109863281,373.0400085449219,390.1000061035156,109710700,420.2979995727539,349.39160003662107,40.95446429351641,18.364785257903975,28.393522014920347,-11.424398917929068
410.44000244140625,410.44000244140625,411.8800048828125,379.45001220703125,381.4800109863281,95423300,422.92350006103516,353.24100006103515,48.612016300374215,16.35425469808513,25.985668551553303,34.63807913652471
411.04998779296875,411.04998779296875,426.42999267578125,401.70001220703125,423.20001220703125,85516500,425.00149993896486,357.18899993896486,45.12808067638927,14.641339219741042,23.716802685190853,24.017703505298243
394.3599853515625,394.3599853515625,414.3299865722656,390.0,405.8299865722656,75699500,425.2584991455078,359.86659942626954,36.17509462084621,11.801062348564528,21.33365461786559,5.382442413044032
394.94000244140625,394.94000244140625,402.5,387.3999938964844,392.95001220703125,73038800,425.51599884033203,362.38159942626953,31.703011332507998,9.487558330182196,18.964435360328913,13.67003615849012
394.739990234375,394.739990234375,399.2799987792969,377.2900085449219,391.3999938964844,62287300,425.20349884033203,365.02619903564454,38.21222465549839,7.550908244220011,16.681729937107132,14.937251826470515
403.30999755859375,403.30999755859375,403.7900085449219,380.07000732421875,383.2099914550781,67580500,424.1304992675781,367.901999206543,41.66581912835909,6.6311868723158796,14.671621324148882,24.351459963070624
396.3599853515625,396.3599853515625,422.6400146484375,394.5400085449219,414.3399963378906,84565000,423.04349822998046,370.67819915771486,43.46491512794998,5.2806214405216565,12.793421347423438,13.570471035655657
428.2200012207031,428.2200012207031,429.79998779296875,405.6600036621094,409.8999938964844,81375500,422.6429977416992,374.24559906005857,49.436818662368495,6.703847836049874,11.575506645148726,48.11083535343306
413.82000732421875,413.82000732421875,424.0,409.1300048828125,423.489990234375,68335200,420.18299865722656,377.5423992919922,37.51160216614664,6.5937966631852305,10.579164648756029,18.286464178228755
426.5,426.5,439.739990234375,419.75,421.5,94991400,417.51499938964844,381.21559936523437,43.042055379515304,7.443940639627954,9.952119846930415,34.38866936571213
424.07000732421875,424.07000732421875,433.20001220703125,406.30999755859375,432.6400146484375,87320900,416.7119995117188,384.66819946289064,47.87407018511417,7.831331055700161,9.527962088684365,25.523252106689426
415.1099853515625,415.1099853515625,428.0,414.5899963378906,416.80999755859375,60963300,415.6589981079102,387.1997991943359,49.33609932920196,7.3308365399243485,9.088536978932362,15.888435178427585
412.3800048828125,412.3800048828125,420.7300109863281,408.95001220703125,416.05999755859375,50690600,415.2249984741211,389.50919921875,52.6296362492668,6.637392690570948,8.59830812126008,16.846611458541133
406.5799865722656,406.5799865722656,418.8800048828125,405.7799987792969,414.45001220703125,56427100,414.0239974975586,391.2163989257813,59.50423935359366,5.555776901312242,7.989801877270513,12.911119128318262
397.1499938964844,397.1499938964844,406.69000244140625,389.0,394.79998779296875,58125500,410.76749725341796,392.1593988037109,44.548361793278225,3.892793298539516,7.170400161524314,6.778951375584938
398.0899963378906,398.0899963378906,400.5899963378906,386.5,396.9100036621094,48910700,407.9654968261719,393.55139892578126,44.69809161610994,2.6205095503989924,6.260422039299249,13.25548808142537
389.1000061035156,389.1000061035156,398.5899963378906,384.4800109863281,395.2099914550781,68033600,405.8374969482422,394.72859924316407,47.70346797534398,0.8766924691946656,5.183676125278333,5.320755472286692
400.2799987792969,400.2799987792969,412.5,384.4100036621094,410.7799987792969,98092900,404.9809967041016,396.5105993652344,52.133949506004114,0.3923144854735483,4.225403797317376,21.62672424537766
404.6000061035156,404.6000061035156,419.989990234375,401.3399963378906,401.5299987792969,83568200,405.0189971923828,398.1881994628906,53.81461400724498,0.3529612137155027,3.450915280597001,21.855405080812034
383.67999267578125,383.67999267578125,389.1700134277344,374.3599853515625,386.67999267578125,93732100,405.238996887207,399.0869995117188,43.0680128682897,-1.3507264517115232,2.4905869341352957,-1.8270668588792205
392.2099914550781,392.2099914550781,394.0,381.3999938964844,382.6300048828125,57072200,404.32749633789064,400.0111993408203,48.550676291380285,-1.9896758430655836,1.5945343786951198,16.4225140095661
378.1700134277344,378.1700134277344,388.3900146484375,375.5299987792969,387.510009765625,57223300,402.6834976196289,400.73399963378904,30.035900462279926,-3.5876010966716194,0.5581072836217719,0.362827079248234
374.32000732421875,374.32000732421875,375.3999938964844,363.17999267578125,373.0299987792969,77918200,401.6814987182617,401.4275994873047,32.79616541805099,-5.105775487706978,-0.5746692706439785,3.5368212954672344
361.6199951171875,361.6199951171875,380.54998779296875,360.3399963378906,370.19000244140625,70298300,400.01549835205077,401.6087994384766,21.747082065754455,-7.250149269418557,-1.9097652703988948,-5.376040058710714
350.7300109863281,350.7300109863281,362.70001220703125,350.510009765625,356.2099914550781,77514900,397.81499938964845,401.85159973144533,20.254705927930686,-9.71630809721654,-3.471073835762425,-8.463789469053268
328.5,328.5,349.3699951171875,325.1000061035156,345.79998779296875,118543400,394.0744995117187,401.65699951171877,18.286344527955265,-13.311090868933775,-5.439077242396696,-22.803606615847173
336.510009765625,336.510009765625,346.3999938964844,329.1199951171875,329.94000244140625,105382700,391.0820007324219,401.7293994140625,23.253195383482606,-15.336847636195898,-7.418631321156537,-0.9427113234589797
355.94000244140625,355.94000244140625,358.69000244140625,342.8500061035156,345.0,89441500,387.468000793457,401.94499938964844,33.71285638932628,-15.199229190413632,-8.974750895007958,18.859545440381055
355.8399963378906,355.8399963378906,362.0,347.5,360.6199951171875,68277300,384.5690002441406,401.9199993896484,35.86532670284865,-14.926175576586445,-10.165035831323657,10.524731617768111
354.1099853515625,354.1099853515625,359.1000061035156,350.0199890136719,355.010009765625,51631700,380.9494995117187,401.973798828125,35.032668470330435,-14.680152390000615,-11.068059143059049,7.590524898563331
360.55999755859375,360.55999755859375,367.3399963378906,353.6700134277344,354.0,67094400,377.7739990234375,402.0263989257812,40.11635907077612,-13.80557310889526,-11.615561936226293,14.623773912743786
354.3999938964844,354.3999938964844,362.29998779296875,348.0,361.510009765625,45965400,374.7384994506836,401.72459899902344,33.53903931852274,-13.454429256472224,-11.98333540027548,5.439275183632674
337.79998779296875,337.79998779296875,354.9800109863281,334.4200134277344,353.44000244140625,74058600,371.0094985961914,400.6961987304687,27.974149823875962,-14.350206733555467,-12.456709666931479,-8.702833214289626
330.5299987792969,330.5299987792969,342.3999938964844,324.70001220703125,338.1400146484375,76052300,367.20699920654295,399.51099853515626,30.741363177260027,-15.468433718303288,-13.05905447720584,-7.131088097084955
302.79998779296875,302.79998779296875,328.8900146484375,297.25,327.0199890136719,134228800,362.4894989013672,397.5471984863281,21.559900466005004,-18.380339682832073,-14.12331151833109,-28.856157574350533
290.79998779296875,290.79998779296875,309.0,288.0400085449219,303.7099914550781,100118300,357.12499847412107,394.86779846191405,21.84337908444151,-21.409549886575917,-15.580559191980058,-24.83338260453752
281.95001220703125,281.95001220703125,297.2300109863281,280.8800048828125,291.1600036621094,101748200,351.7674987792969,392.14479858398437,21.161417097768293,-24.244860208198418,-17.31341939522373,-22.945556720095794
292.9800109863281,292.9800109863281,293.8800048828125,273.6000061035156,279.5,115697000,346.4024993896484,389.27979858398436,28.344277078331075,-25.310076538093256,-18.912750823797634,-3.378504580822721
284.6499938964844,284.6499938964844,303.94000244140625,277.29998779296875,300.3399963378906,115551400,340.4049987792969,385.71239868164065,28.809646464369692,-26.52071660386065,-20.434343979810237,-13.624165524148339
272.0400085449219,272.0400085449219,284.3500061035156,261.8399963378906,270.92999267578125,126706600,334.82299957275393,381.5559991455078,30.704038144673333,-28.172918146636505,-21.98205881317549,-21.146525083640284
279.1000061035156,279.1000061035156,279.54998779296875,267.7099914550781,272.9200134277344,94042900,329.1675003051758,378.33539916992186,30.25111756059266,-28.5831284601299,-23.302272742566377,-5.7612124905328415
263.45001220703125,263.45001220703125,272.6499938964844,260.0199890136719,272.05999755859375,98451600,323.43150024414064,374.8809991455078,17.334186109577004,-29.827217210761603,-24.607261636205426,-21.98380187541997
262.6700134277344,262.6700134277344,266.25,250.72999572753906,259.32000732421875,102369600,317.84900054931643,371.7131994628906,17.25132410890818,-30.524241436975274,-25.790657596359402,-13.967651184526346
222.14999389648438,222.14999389648438,253.3699951171875,220.0,252.5399932861328,189076900,310.87550048828126,367.54419921875,13.555019546319073,-33.954854665852395,-27.423497010258004,-51.223757664241475
230.5800018310547,230.5800018310547,237.05999755859375,217.02000427246094,225.30999755859375,174896400,304.8680000305176,362.91019927978516,14.490221644285796,-35.58322787699149,-29.055443183604698,-20.662715270861497
248.08999633789062,248.08999633789062,251.83999633789062,241.10000610351562,247.22000122070312,142215700,300.8474998474121,358.7893991088867,22.65267267859464,-35.05670330537856,-30.255695207959473,-0.9552194741600033
240.67999267578125,240.67999267578125,248.2899932861328,232.60000610351562,248.1300048828125,114813500,296.0559989929199,354.96979888916013,23.77686603346288,-34.835788866985354,-31.17171393976465,-14.583989522198436
249.97999572753906,249.97999572753906,251.5800018310547,240.72999572753906,247.30999755859375,100242300,290.75799865722655,351.62119873046873,28.486726092886983,-33.52383812204158,-31.642138776220044,-1.8424858553871957
238.00999450683594,238.00999450683594,245.39999389648438,232.8000030517578,245.05999755859375,111900600,284.86649856567385,348.30459869384765,31.105280128499558,-33.068790335238134,-31.927469088023667,-17.116010726636773
225.30999755859375,225.30999755859375,230.10000610351562,222.27999877929688,228.16000366210938,111477600,278.4264991760254,345.2251986694336,30.978799722248368,-33.348524272101,-32.211680124839134,-23.97798061853129
235.86000061035156,235.86000061035156,241.41000366210938,229.1999969482422,231.61000061035156,111993800,272.1914993286133,341.7335986328125,36.7443181095078,-32.346053189763836,-32.238554737824074,-5.314444391616149
236.25999450683594,236.25999450683594,238.0,230.0500030517578,233.35000610351562,99028300,266.28449935913085,338.2377987670898,32.62467505429434,-31.160117037332697,-32.0228671977258,-7.4837454204623555
248.7100067138672,248.7100067138672,249.52000427246094,234.5500030517578,234.99000549316406,132728700,261.83000030517576,335.3247991943359,39.26138858253482,-28.882700365353315,-31.394833831251304,5.099637243106258
278.3900146484375,278.3900146484375,278.6400146484375,256.3299865722656,258.0799865722656,169079900,259.22300109863284,332.9937994384766,51.72170840154182,-24.401616010869787,-29.996190267175006,29.05226719477355
288.1400146484375,288.1400146484375,288.20001220703125,271.2799987792969,283.6000061035156,150361500,258.49000244140626,330.86179992675784,52.41582222755768,-19.834936063500948,-27.963939426440195,22.927888144092577
272.05999755859375,272.05999755859375,284.8999938964844,266.510009765625,282.6600036621094,153629800,257.5530029296875,328.23679992675784,52.295628060930994,-17.313750162461645,-25.833901573644486,-2.0205599537228807
273.1300048828125,273.1300048828125,291.8500061035156,271.82000732421875,272.4800109863281,162572100,257.11200256347655,325.77220031738284,52.78457769354657,-15.055797659573386,-23.678280790830268,3.9876332879927077
263.54998779296875,263.54998779296875,276.1000061035156,260.57000732421875,275.5799865722656,123809400,255.6405014038086,322.47880004882813,63.194791082677156,-13.879388399126242,-21.718502312489466,-5.804226005976744
259.1600036621094,259.1600036621094,260.55999755859375,243.36000061035156,249.30999755859375,134008900,254.36600189208986,319.38559997558593,59.349644712113225,-13.149728728028208,-20.004747595597216,-5.591400814431495
268.4599914550781,268.4599914550781,277.45001220703125,259.25,263.79998779296875,146486900,254.18700103759767,316.2247998046875,57.04210403489001,-11.686324219004803,-18.341062920278734,6.946057993211383
282.760009765625,282.760009765625,284.989990234375,251.27000427246094,254.60000610351562,212787800,254.37000122070313,313.39859985351563,63.88595670219329,-9.265862539367333,-16.526022844096453,17.633393933592686
267.2799987792969,267.2799987792969,276.29998779296875,261.510009765625,265.2900085449219,136174300,254.5615005493164,310.44200012207034,55.48509723870204,-8.4987682247218,-14.920571920221521,-5.582006553975475
239.42999267578125,239.42999267578125,261.0,236.0,255.3800048828125,181229400,253.39949951171874,306.9829998779297,50.40903262318778,-10.022569254556629,-13.940971387088544,-27.66874298756005
233.2899932861328,233.2899932861328,252.0,214.25,223.77999877929688,183453800,253.95649948120118,303.517200012207,52.388933243691866,-11.59201366793701,-13.471179843258238,-18.907955530676162
221.86000061035156,221.86000061035156,250.44000244140625,217.8000030517578,245.0,171603500,253.520499420166,300.0114001464844,45.83085306145372,-13.60132692699608,-13.497209260005809,-23.389292187081452
272.20001220703125,272.20001220703125,274.69000244140625,223.8800048828125,224.69000244140625,219433400,254.72600021362305,297.4936004638672,58.24917501770583,-11.004846909407007,-12.998736789886049,35.40403778546852
252.39999389648438,252.39999389648438,262.489990234375,239.3300018310547,260.0,181722600,255.3120002746582,294.75960021972656,50.81930500742747,-10.424644972713736,-12.483918426451588,-6.502877842948379
